page	idx	role	file
index	1	logo	?
index	2	social	social-01.png
index	3	hero	hero-01.jpg
index	4	content	content-01.png
index	5	content	content-02.png
index	6	content	content-03.png
index	7	content	content-04.png
index	8	content	content-05.png
index	9	content	content-06.jpg
index	10	carousel	carousel-01.jpg
index	11	carousel	carousel-02.jpg
index	12	carousel	carousel-03.png
index	13	carousel	carousel-04.jpg
index	14	carousel	carousel-05.jpg
index	15	carousel	carousel-06.jpg
index	16	carousel	carousel-07.jpg
index	17	carousel	carousel-08.jpg
index	18	carousel	carousel-09.jpg
index	19	carousel	carousel-10.jpg
index	20	carousel	carousel-11.jpg
index	21	carousel	carousel-12.jpg
index	22	carousel	carousel-13.jpg
index	23	carousel	carousel-14.jpg
index	24	carousel	carousel-15.jpg
index	25	carousel	carousel-16.jpg
index	26	carousel	carousel-17.jpg
index	27	carousel	carousel-18.jpg
index	28	carousel	?
index	29	content	content-07.png
about	1	logo	?
about	2	social	social-01.png
about	3	hero	hero-02.jpg
about	4	content	content-08.jpg
about	5	content	content-09.png
about	6	content	content-10.jpg
about	7	content	content-11.jpg
about	8	content	content-12.jpg
about	9	content	content-13.png
about	10	content	content-14.jpg
about	11	content	content-15.jpg
about	12	content	content-16.jpg
about	13	content	content-17.jpg
about	14	content	content-18.jpg
about	15	content	content-07.png
events	1	logo	?
events	2	social	social-01.png
events	3	hero	carousel-08.jpg
events	4	content	content-07.png
signup	1	logo	?
signup	2	social	social-01.png
signup	3	hero	hero-01.jpg
signup	4	content	content-07.png
